Nanterre(préfecture),42 mins
Antony,58 mins
Asnières-sur-Seine,39 mins
Bagneux,38 mins
Bois-Colombes,44 mins
Boulogne-Billancourt,36 mins
Bourg-la-Reine,46 mins
Châtenay-Malabry,1 hour 0 mins
Châtillon,38 mins
Chaville,53 mins
Clamart,46 mins
Clichy,32 mins
Colombes,48 mins
Courbevoie,38 mins
Fontenay-aux-Roses,44 mins
Garches,49 mins
Gennevilliers,45 mins
Issy-les-Moulineaux,35 mins
La Garenne-Colombes,41 mins
Le Plessis-Robinson,56 mins
Levallois-Perret,32 mins
Malakoff,29 mins
Marnes-la-Coquette,55 mins
Meudon,43 mins
Montrouge,31 mins
Neuilly-sur-Seine,30 mins
Puteaux,39 mins
Rueil-Malmaison,53 mins
Saint-Cloud,46 mins
Sceaux,52 mins
Sèvres,46 mins
Suresnes,42 mins
Vanves,28 mins
Vaucresson,1 hour 1 min
Ville-d'Avray,50 mins
Villeneuve-la-Garenne,43 mins
