Évry-Courcouronnes(préfecture),37.6 km
Abbéville-la-Rivière,65.4 km
Angerville,73.6 km
Angervilliers,59.1 km
Arpajon,35.7 km
Arrancourt,66.2 km
Athis-Mons,22.1 km
Authon-la-Plaine,72.3 km
Auvernaux,46.4 km
Auvers-Saint-Georges,50.2 km
Avrainville,40.8 km
Ballainvilliers,26.3 km
Ballancourt-sur-Essonne,54.7 km
Baulne,58.7 km
Bièvres,22.6 km
Blandy,71.0 km
Boigneville,75.3 km
Bois-Herpin,63.8 km
Boissy-la-Rivière,62.3 km
Boissy-le-Cutté,55.8 km
Boissy-le-Sec,66.5 km
Boissy-sous-Saint-Yon,41.3 km
Bondoufle,38.9 km
Boullay-les-Troux,43.5 km
Bouray-sur-Juine,47.4 km
Boussy-Saint-Antoine,30.1 km
Boutervilliers,67.6 km
Boutigny-sur-Essonne,61.7 km
Bouville,59.3 km
Brétigny-sur-Orge,38.4 km
Breuillet,44.0 km
Breux-Jouy,45.0 km
Brières-les-Scellés,54.6 km
Briis-sous-Forges,43.6 km
Brouy,71.0 km
Brunoy,26.1 km
Bruyères-le-Châtel,42.2 km
Buno-Bonnevaux,70.8 km
Bures-sur-Yvette,33.9 km
Cerny,56.2 km
Chalo-Saint-Mars,62.2 km
Chalou-Moulineux,69.4 km
Chamarande,45.3 km
Champcueil,53.6 km
Champlan,24.7 km
Champmotteux,77.1 km
Chatignonville,71.6 km
Chauffour-lès-Étréchy,49.8 km
Cheptainville,42.8 km
Chevannes,50.9 km
Chilly-Mazarin,22.5 km
Congerville-Thionville,79.6 km
Corbeil-Essonnes,41.5 km
Corbreuse,61.7 km
Courances,59.3 km
Courdimanche-sur-Essonne,70.8 km
Courson-Monteloup,43.7 km
Crosne,23.2 km
D'Huison-Longueville,66.8 km
Dannemois,58.7 km
Dourdan,57.3 km
Draveil,27.0 km
Écharcon,42.6 km
Égly,38.6 km
Épinay-sous-Sénart,28.2 km
Épinay-sur-Orge,27.4 km
Étampes,55.0 km
Étiolles,41.5 km
Étréchy,47.6 km
Fleury-Mérogis,32.0 km
Fontaine-la-Rivière,64.2 km
Fontenay-le-Vicomte,46.4 km
Fontenay-lès-Briis,41.5 km
Forges-les-Bains,43.5 km
Gif-sur-Yvette,30.6 km
Gironville-sur-Essonne,71.3 km
Gometz-la-Ville,37.5 km
Gometz-le-Châtel,35.2 km
Grigny,30.5 km
Guibeville,41.2 km
Guigneville-sur-Essonne,63.1 km
Guillerval,66.7 km
Igny,23.2 km
Itteville,50.6 km
Janville-sur-Juine,49.3 km
Janvry,38.9 km
Juvisy-sur-Orge,22.7 km
La Ferté-Alais,62.3 km
La Forêt-Sainte-Croix,62.0 km
La Forêt-le-Roi,64.3 km
La Norville,40.4 km
La Ville-du-Bois,27.9 km
Lardy,49.9 km
Le Coudray-Montceaux,43.4 km
Le Mérévillois,N/A
Le Plessis-Pâté,40.3 km
Le Val-Saint-Germain,57.5 km
Les Granges-le-Roi,60.3 km
Les Molières,41.6 km
Les Ulis,35.2 km
Leudeville,42.6 km
Leuville-sur-Orge,32.9 km
Limours,42.7 km
Linas,30.6 km
Lisses,38.8 km
Longjumeau,24.0 km
Longpont-sur-Orge,30.8 km
Maisse,69.6 km
Marcoussis,32.6 km
Marolles-en-Beauce,63.9 km
Marolles-en-Hurepoix,42.7 km
Massy,22.6 km
Mauchamps,43.9 km
Mennecy,43.7 km
Mérobert,79.2 km
Mespuits,67.2 km
Milly-la-Forêt,63.2 km
Moigny-sur-École,63.4 km
Mondeville,58.2 km
Monnerville,67.9 km
Montgeron,24.4 km
Montlhéry,29.8 km
Morangis,24.5 km
Morigny-Champigny,52.9 km
Morsang-sur-Orge,29.0 km
Morsang-sur-Seine,47.8 km
Nainville-les-Roches,49.1 km
Nozay,32.3 km
Ollainville,37.9 km
Oncy-sur-École,66.5 km
Ormoy,45.5 km
Ormoy-la-Rivière,58.3 km
Orsay,30.8 km
Orveau,58.9 km
Palaiseau,29.0 km
Paray-Vieille-Poste,21.0 km
Pecqueuse,43.8 km
Plessis-Saint-Benoist,76.4 km
Prunay-sur-Essonne,72.7 km
Puiselet-le-Marais,63.1 km
Pussay,82.9 km
Quincy-sous-Sénart,33.3 km
Richarville,64.9 km
Ris-Orangis,35.6 km
Roinville,59.3 km
Roinvilliers,67.8 km
Saclas,64.6 km
Saclay,24.5 km
Saint-Aubin,28.7 km
Saint-Chéron,47.1 km
Saint-Cyr-la-Rivière,64.6 km
Saint-Cyr-sous-Dourdan,56.3 km
Saint-Escobille,74.6 km
Saint-Germain-lès-Arpajon,36.8 km
Saint-Germain-lès-Corbeil,42.5 km
Saint-Hilaire,61.1 km
Saint-Jean-de-Beauregard,33.8 km
Saint-Maurice-Montcouronne,44.9 km
Saint-Michel-sur-Orge,36.0 km
Saint-Pierre-du-Perray,46.8 km
Saint-Sulpice-de-Favières,45.1 km
Saint-Vrain,46.6 km
Saint-Yon,43.1 km
Sainte-Geneviève-des-Bois,30.4 km
Saintry-sur-Seine,44.3 km
Saulx-les-Chartreux,25.5 km
Savigny-sur-Orge,26.4 km
Sermaise,50.3 km
Soisy-sur-École,53.3 km
Soisy-sur-Seine,40.1 km
Souzy-la-Briche,48.3 km
Tigery,42.6 km
Torfou,43.8 km
Valpuiseaux,63.9 km
Varennes-Jarcy,30.9 km
Vaugrigneuse,44.7 km
Vauhallan,24.2 km
Vayres-sur-Essonne,62.0 km
Verrières-le-Buisson,25.7 km
Vert-le-Grand,41.4 km
Vert-le-Petit,44.9 km
Videlles,57.2 km
Vigneux-sur-Seine,23.4 km
Villabé,39.1 km
Villebon-sur-Yvette,31.7 km
Villeconin,50.6 km
Villejust,31.1 km
Villemoisson-sur-Orge,28.6 km
Villeneuve-sur-Auvers,52.9 km
Villiers-le-Bâcle,29.3 km
Villiers-sur-Orge,28.4 km
Viry-Châtillon,30.0 km
Wissous,24.0 km
Yerres,23.5 km
